[{
  "_id": "0yB4jrSwN0bFtFRDR5vyMj",
  "title": "Love Shot",
  "artist": "EXO",
  "comments": "not bad, but repetitive",
  "rating": 3,
  "__v": 0
},
{
  "_id": "42h7yc9Rda1IOMYLACVgld",
  "title": "Cream Soda",
  "artist": "EXO",
  "comments": "Meh",
  "rating": 2,
  "__v": 0
},
{
  "_id": "2ujA6F1cpk3m8lsPE5aKua",
  "title": "The Eve",
  "artist": "EXO",
  "comments": "Bad",
  "rating": 1,
  "__v": 0
},
{
  "_id": "6Rx0ORYPP3GH9rTvGS5Vy8",
  "title": "CALL ME BABY",
  "artist": "EXO",
  "comments": "Disliked it",
  "rating": 3,
  "__v": 0
},
{
  "_id": "7GbUWl6qLW1gdngbEV2WDJ",
  "title": "Monster",
  "artist": "EXO",
  "comments": "mid",
  "rating": 2,
  "__v": 0
},
{
  "_id": "1kFevEv3s7Gf6o5xSDR5DL",
  "title": "LOVE ME RIGHT",
  "artist": "EXO",
  "comments": "Kinda good",
  "rating": 4,
  "__v": 0
},
{
  "_id": "3s9YpuocAjzVt0NLshCrpT",
  "title": "Let Me In",
  "artist": "EXO",
  "comments": "Not that bad",
  "rating": 3,
  "__v": 0
},
{
  "_id": "4pi0Elz7B7cLfw37J3bYm9",
  "title": "Growl",
  "artist": "EXO",
  "comments": "NO, simply no",
  "rating": 3,
  "__v": 0
},
{
  "_id": "5EzitieoPnjyKHAq0gfRMa",
  "title": "Ko Ko Bop",
  "artist": "EXO",
  "comments": "Made me move my shoulders",
  "rating": 4,
  "__v": 0
},
{
  "_id": "4EjUFjzi4ErWjklOA3Aslu",
  "title": "Tempo",
  "artist": "EXO",
  "comments": "OK",
  "rating": 2,
  "__v": 0
},
{
  "_id": "2xhGZ3WzOa3tir28y7Cb88",
  "title": "Falling for U",
  "artist": "Peachy!",
  "comments": "Chilling",
  "rating": 5,
  "__v": 0
},
{
  "_id": "2u4XZR5A8cRPTPxBLJbAFC",
  "title": "prom dress",
  "artist": "mxmtoon",
  "comments": "Love this song",
  "rating": 5,
  "__v": 0
},
{
  "_id": "7w2iqaRxQgAGnkOdMhsiqu",
  "title": "Prairies (with mxmtoon)",
  "artist": "BoyWithUke",
  "comments": "It doesn't have playable audio",
  "rating": 1,
  "__v": 0
},
{
  "_id": "5Nc3vGiiHFyQegUNjsboj9",
  "title": "mona lisa",
  "artist": "mxmtoon",
  "comments": "This makes me feel free",
  "rating": 3,
  "__v": 0
},
{
  "_id": "708HrtYYClY6j6EOiToEBy",
  "title": "Pride (with mxmtoon)",
  "artist": "Noah Kahan",
  "comments": "No audio again",
  "rating": 1,
  "__v": 0
},
{
  "_id": "09NibQcboHT4aqZbkvRa2w",
  "title": "feelings are fatal",
  "artist": "mxmtoon",
  "comments": "Not good",
  "rating": 1,
  "__v": 0
},
{
  "_id": "4dHdqpGaO9km4TEw9nNQSR",
  "title": "Line Without a Hook (feat. mxmtoon)",
  "artist": "Ricky Montgomery",
  "comments": "Classic",
  "rating": 5,
  "__v": 0
},
{
  "_id": "4UCSbPweLRQNfkr5MCRooZ",
  "title": "fever dream",
  "artist": "mxmtoon",
  "comments": "Nice",
  "rating": 4,
  "__v": 0
},
{
  "_id": "0RV9Oaa22RsUDvuIzk7fGB",
  "title": "cliché",
  "artist": "mxmtoon",
  "comments": "nope",
  "rating": 1,
  "__v": 0
},
{
  "_id": "1SYqnlqZyI7dVYDEvdkBau",
  "title": "Nobody Loves Me",
  "artist": "mxmtoon",
  "comments": "Sad",
  "rating": 4,
  "__v": 0
},
{
  "_id": "0u2P5u6lvoDfwTYjAADbn4",
  "title": "lovely (with Khalid)",
  "artist": "Billie Eilish",
  "comments": "Also No audio",
  "rating": 1,
  "__v": 0
},
{
  "_id": "3u6PxWema1snbjLbFEyjkJ",
  "title": "Atlantis - Extra Sped Up Version",
  "artist": "Seafret",
  "comments": "I can't save us :(",
  "rating": 5,
  "__v": 0
},
{
  "_id": "1Fid2jjqsHViMX6xNH70hE",
  "title": "Atlantis",
  "artist": "Seafret",
  "comments": "The classic one",
  "rating": 5,
  "__v": 0
},
{
  "_id": "72VBmMUTEVWFcDUVgMbqo0",
  "title": "Atlantis - Sped Up Version",
  "artist": "Seafret",
  "comments": "We fall... :(",
  "rating": 5,
  "__v": 0
},
{
  "_id": "5eXnC2B5RU5fAhfwvV2ABD",
  "title": "Oceans",
  "artist": "Seafret",
  "comments": "NO",
  "rating": 2,
  "__v": 0
},
{
  "_id": "2Ro9FLIVhPwIQopSr48oJT",
  "title": "Wildfire",
  "artist": "Seafret",
  "comments": "Heartfelt, but not that good",
  "rating": 3,
  "__v": 0
},
{
  "_id": "6jsDhixAjBtkNcv9KFYaYl",
  "title": "Loving You",
  "artist": "Seafret",
  "comments": "It feels like its missing something",
  "rating": 2,
  "__v": 0
},
{
  "_id": "1au9q3wiWxIwXTazIjHdfF",
  "title": "Give Me Something",
  "artist": "Seafret",
  "comments": "meh",
  "rating": 1,
  "__v": 0
},
{
  "_id": "2G90vlX6qgIt4XCFPpgP4H",
  "title": "Pictures - Remastered",
  "artist": "Seafret",
  "comments": "Wholesome",
  "rating": 5,
  "__v": 0
}]