[{
  "_id": "3cjEqqelV9zb4BYE3qDQ4O",
  "name": "EXO",
  "comments": "I don't know this artist",
  "rating": 3,
  "__v": 0
},
{
  "_id": "0HthCchcL0kVLHTr113Vk1",
  "name": "mxmtoon",
  "comments": "I only like 1 or 2 of her songs",
  "rating": 4,
  "__v": 0
},
{
  "_id": "6qqNVTkY8uBg9cP3Jd7DAH",
  "name": "Billie Eilish",
  "comments": "Love her vibe, but she doesn't allow me to play her songs :(",
  "rating": 5,
  "__v": 0
},
{
  "_id": "4Ly0KABsxlx4fNj63zJTrF",
  "name": "Seafret",
  "comments": "I know only one song from them",
  "rating": 3,
  "__v": 0
}]